Female Mean,Female SE,Male Mean,Male SE
14.403628381382875,0.037040564201003344,14.84080193287818,0.037040564201003344
17.47950780554545,0.03971226211891764,15.870124901150499,0.03971226211891764
11.408496369792969,0.031246055870504656,10.819344403971682,0.031246055870504656
8.309017643433357,0.030340694027377907,11.139560130433916,0.030340694027377907
6.300946931952611,0.023342566975322495,4.7383075548705005,0.023342566975322495
20.523682442365974,0.04254654953724473,22.34198643214302,0.04254654953724473
3.391830438958596,0.01578145486761529,4.608470474330647,0.01578145486761529
19.170130728093834,0.041902948048816294,16.501633560509806,0.041902948048816294
14.866473324358445,0.037054491028996175,13.92515446930272,0.037054491028996175
4.40259454160401,0.022175662823245585,4.721314407550664,0.022175662823245585
