income_poverty,mpi_poor,Freq
0,0,71.05582110517577
1,0,1.5607528811033007
0,1,10.714787628035948
1,1,16.668638385684982
