income_poverty,mpi_poor,Freq
0,0,79.51931079926977
1,0,6.287537532829153
0,1,3.2215809013779286
1,1,10.97157076652315
