income_poverty,mpi_poor,Freq
0,0,78.54536621556353
1,0,6.542051672696458
0,1,3.22524251764818
1,1,11.687339594091824
