income_poverty,mpi_poor,Freq
0,0,79.22308289470081
1,0,6.158204407077954
0,1,4.089207022509736
1,1,10.529505675711505
