income_poverty,mpi_poor,Freq
0,0,79.65330776613065
1,0,6.11668802020775
0,1,4.399211252560773
1,1,9.830792961100821
