Value,Standard Error
14.193151667901082,0.026698158251608886
40.57911469456255,0.01871083074064588
5.759455294090797,NA
