Value,Standard Error
27.383426013720918,0.03329192747375684
32.15164241709181,0.016271621558819532
8.804221213480448,NA
