Value,Standard Error
14.23000421366159,0.026452348093872407
39.88021048212724,0.018336597727982323
5.674955632023817,NA
