Value,Standard Error
14.912582111739999,0.02667067621145672
40.45525129981582,0.017729364294074935
6.032922568595798,NA
