Value,Standard Error
14.61871269822124,0.026702379584830637
44.33434358043923,0.019467244700596457
6.4811103146667035,NA
