income_poverty,mpi_poor_no_inc,Freq
0,0,79.08598492324954
1,0,10.376256859967112
0,1,3.65490677739815
1,1,6.882851439385189
