income_poverty,mpi_poor_no_inc,Freq
0,0,79.22565182974282
1,0,9.973078584780996
0,1,4.8268671889486106
1,1,5.974402396527575
