income_poverty,mpi_poor_no_inc,Freq
0,0,71.05582110517577
1,0,6.542051672696458
0,1,10.714787628035948
1,1,11.687339594091824
