income_poverty,mpi_poor_no_inc,Freq
0,0,76.6840271621804
1,0,6.760518544743215
0,1,6.628262755030142
1,1,9.927191538046243
