income_poverty,mpi_poor_no_inc,Freq
0,0,78.1177102791757
1,0,11.081020135348115
0,1,3.652898454036017
1,1,7.148371131440168
