Female,Male
16.54777729884361,15.935315927428903
10.339538975465743,10.05153694667515
6.839549134161922,9.483136196298723
3.6226141615411476,2.6686596030760703
30.230194207310117,32.563071760583945
2.701700026439459,3.9681777297044336
13.893555938112637,12.505757100652387
9.29257415647146,8.848276350313727
3.8030954574775317,4.033073724713045
