Female,Male
21.500687469696192,21.550303458054245
14.141473984200712,13.839116914495673
5.899097944221912,8.542388913175934
5.6368680172736125,4.099739667315007
15.325229940604327,16.367547493721897
4.278312689830811,6.2530459184442195
17.319137173885455,15.677460362837905
10.370674988261312,9.389079187688539
4.787640440066177,5.04551154393516
