Female,Male
18.38641922093734,17.70590658603211
11.48837663940638,11.168374385194609
11.399248556936536,15.805226993831203
3.0188451346176226,2.2238830025633916
25.191828506091763,27.13589313381995
2.251416688699549,3.3068147747536942
15.437284375680708,13.895285667391539
7.743811797059549,7.37356362526144
3.169246214564609,3.3608947705942036
