Female,Male
20.10668862992488,18.36210395403899
14.271105421660202,13.425188819421455
6.24518797105965,9.05415958186441
5.833549707749569,4.245543790006044
16.104290622235197,17.253295071164022
3.454988977299573,5.121795189160906
18.411517729862076,16.66627541783535
11.012416072723992,9.973447821860574
5.085314600959825,5.35660649708318
