Female,Male
21.39327174963404,20.667829693683814
12.154640484701806,11.56652793907474
6.550415806789733,9.117505774052795
5.72339950892941,4.261062842015687
16.361380253546656,17.69966559269754
3.8286150011578397,5.3335074179128785
18.668927158922504,16.710871301770784
10.614015935377362,9.858262648808756
4.582544592231836,4.911420600121821
